av,bv,title,view,danmushu,favorite,coin,share,like
540192691,1Ji4y1878E,妹子第一次试房车洗澡功能，没想到是这种感受，太尴尬了！,46168,90,22,28,4,343
540192694,1Ji4y1878W,建议改成：这就是街舞！,33,0,0,0,0,0
540192695,1Ji4y1878p,麻辣女兵汤小米左轮cut,2984,0,12,2,0,18
540192696,1Ji4y1878V,杰瑞攻,168,0,0,0,0,1
540192697,1Ji4y1878G,开开心心打人机,9,0,0,0,0,3
540192698,1Ji4y18783,骑车跑山就是爽,52,0,0,0,0,1
540192700,1Ji4y18787,云端速写D28，每日一画，水彩手帐～,15,0,0,2,0,1
540192704,1Ji4y187tf,奥迪R8空调故障案例,1446,0,10,5,1,33
540192705,1Ji4y187tZ,毕业设计《你好奇怪噢》 Our little world,601,1,23,22,14,39
540192707,1Ji4y187td,［沙雕彩铅］#3 跳舞的线,23,0,0,2,0,3
540192691,1Ji4y1878E,妹子第一次试房车洗澡功能，没想到是这种感受，太尴尬了！,46168,90,22,28,4,343
540192694,1Ji4y1878W,建议改成：这就是街舞！,33,0,0,0,0,0
540192695,1Ji4y1878p,麻辣女兵汤小米左轮cut,2984,0,12,2,0,18
540192696,1Ji4y1878V,杰瑞攻,168,0,0,0,0,1
540192697,1Ji4y1878G,开开心心打人机,9,0,0,0,0,3
540192698,1Ji4y18783,骑车跑山就是爽,52,0,0,0,0,1
540192700,1Ji4y18787,云端速写D28，每日一画，水彩手帐～,15,0,0,2,0,1
540192704,1Ji4y187tf,奥迪R8空调故障案例,1446,0,10,5,1,33
540192705,1Ji4y187tZ,毕业设计《你好奇怪噢》 Our little world,601,1,23,22,14,39
540192707,1Ji4y187td,［沙雕彩铅］#3 跳舞的线,23,0,0,2,0,3
540192709,1Ji4y187bw,女双vs男双,294,0,0,0,2,1
540192713,1Ji4y187tS,愿与最重要之人能再次相会。 --艾拉《可塑性记忆》,710,19,39,12,6,154
540192714,1Ji4y187tU,都2020年了还不会用自家电脑开Minecraft公网服务器？,2934,0,46,29,16,52
540192715,1Ji4y187tm,枯荷听雨一讲解与书写,49,0,0,0,1,3
540192716,1Ji4y187tR,【硬笔书法】笔画教程,455729,3210,25343,5018,5610,8265
540192721,1Ji4y187tr,【procreate】今天画小翔哥女儿小乖，小乖：爸爸幼稚鬼！,691,0,1,2,5,4
540192722,1Ji4y187t6,一个很多毛病的翻唱：【Sasha Sloan】Dancing With Your Ghost（强迫症不要进！,99,0,1,0,1,5
540192723,1Ji4y187tz,【浅陌熙熙/恐怖游戏第二季】,43,0,1,2,0,1
540192724,1Ji4y187t2,一个神奇的民间组织——黑芝麻（黑子妈）不是虾也不是龟，只是肖战的小黑粉，自己的蒸煮自己黑。指路微博 肖战有趣的灵魂超话   有事上升正主大脚野人,32789,1769,736,1143,120,3908
540192725,1Ji4y187t1,徐灿最强对手：乔什·沃灵顿集锦,7338,8,42,15,14,122
540192691,1Ji4y1878E,妹子第一次试房车洗澡功能，没想到是这种感受，太尴尬了！,46168,90,22,28,4,343
540192694,1Ji4y1878W,建议改成：这就是街舞！,33,0,0,0,0,0
540192695,1Ji4y1878p,麻辣女兵汤小米左轮cut,2984,0,12,2,0,18
540192696,1Ji4y1878V,杰瑞攻,168,0,0,0,0,1
540192697,1Ji4y1878G,开开心心打人机,9,0,0,0,0,3
540192698,1Ji4y18783,骑车跑山就是爽,52,0,0,0,0,1
540192700,1Ji4y18787,云端速写D28，每日一画，水彩手帐～,15,0,0,2,0,1
540192704,1Ji4y187tf,奥迪R8空调故障案例,1446,0,10,5,1,33
540192705,1Ji4y187tZ,毕业设计《你好奇怪噢》 Our little world,601,1,23,22,14,39
540192707,1Ji4y187td,［沙雕彩铅］#3 跳舞的线,23,0,0,2,0,3
540192709,1Ji4y187bw,女双vs男双,294,0,0,0,2,1
540192713,1Ji4y187tS,愿与最重要之人能再次相会。 --艾拉《可塑性记忆》,710,19,39,12,6,154
540192714,1Ji4y187tU,都2020年了还不会用自家电脑开Minecraft公网服务器？,2934,0,46,29,16,52
540192715,1Ji4y187tm,枯荷听雨一讲解与书写,49,0,0,0,1,3
540192716,1Ji4y187tR,【硬笔书法】笔画教程,455731,3210,25343,5018,5610,8265
540192721,1Ji4y187tr,【procreate】今天画小翔哥女儿小乖，小乖：爸爸幼稚鬼！,691,0,1,2,5,4
540192722,1Ji4y187t6,一个很多毛病的翻唱：【Sasha Sloan】Dancing With Your Ghost（强迫症不要进！,99,0,1,0,1,5
540192723,1Ji4y187tz,【浅陌熙熙/恐怖游戏第二季】,43,0,1,2,0,1
540192724,1Ji4y187t2,一个神奇的民间组织——黑芝麻（黑子妈）不是虾也不是龟，只是肖战的小黑粉，自己的蒸煮自己黑。指路微博 肖战有趣的灵魂超话   有事上升正主大脚野人,32789,1769,736,1143,120,3908
540192725,1Ji4y187t1,徐灿最强对手：乔什·沃灵顿集锦,7338,8,42,15,14,122
540192691,1Ji4y1878E,妹子第一次试房车洗澡功能，没想到是这种感受，太尴尬了！,46168,90,22,28,4,343
540192694,1Ji4y1878W,建议改成：这就是街舞！,33,0,0,0,0,0
540192695,1Ji4y1878p,麻辣女兵汤小米左轮cut,2984,0,12,2,0,18
540192696,1Ji4y1878V,杰瑞攻,168,0,0,0,0,1
540192697,1Ji4y1878G,开开心心打人机,9,0,0,0,0,3
540192698,1Ji4y18783,骑车跑山就是爽,52,0,0,0,0,1
540192700,1Ji4y18787,云端速写D28，每日一画，水彩手帐～,15,0,0,2,0,1
540192704,1Ji4y187tf,奥迪R8空调故障案例,1446,0,10,5,1,33
540192705,1Ji4y187tZ,毕业设计《你好奇怪噢》 Our little world,601,1,23,22,14,39
540192707,1Ji4y187td,［沙雕彩铅］#3 跳舞的线,23,0,0,2,0,3
540192709,1Ji4y187bw,女双vs男双,294,0,0,0,2,1
540192713,1Ji4y187tS,愿与最重要之人能再次相会。 --艾拉《可塑性记忆》,710,19,39,12,6,154
540192714,1Ji4y187tU,都2020年了还不会用自家电脑开Minecraft公网服务器？,2934,0,46,29,16,52
540192715,1Ji4y187tm,枯荷听雨一讲解与书写,49,0,0,0,1,3
540192716,1Ji4y187tR,【硬笔书法】笔画教程,455731,3210,25343,5018,5610,8265
540192721,1Ji4y187tr,【procreate】今天画小翔哥女儿小乖，小乖：爸爸幼稚鬼！,691,0,1,2,5,4
540192722,1Ji4y187t6,一个很多毛病的翻唱：【Sasha Sloan】Dancing With Your Ghost（强迫症不要进！,99,0,1,0,1,5
540192723,1Ji4y187tz,【浅陌熙熙/恐怖游戏第二季】,43,0,1,2,0,1
540192724,1Ji4y187t2,一个神奇的民间组织——黑芝麻（黑子妈）不是虾也不是龟，只是肖战的小黑粉，自己的蒸煮自己黑。指路微博 肖战有趣的灵魂超话   有事上升正主大脚野人,32789,1769,736,1143,120,3908
540192725,1Ji4y187t1,徐灿最强对手：乔什·沃灵顿集锦,7338,8,42,15,14,122
